group size,duration
1,33.04923374685976
2,16.572723883324198
4,8.289095774557856
8,4.1605710370010796
16,2.2045734286970564
32,1.1415261628230413
64,0.6114088332653046
128,0.33169811911053126
256,0.13171707954671646
512,0.056608661346965364
1024,0.028759620388348898
2048,0.027952455547120836
